{
    "studenti": [
        {
            "cognome": "Rossi",
            "nome": "Marco"
        },
        {
            "cognome": "Bianchi",
            "nome": "Laura"
        },
        {
            "cognome": "Verdi",
            "nome": "Luca"
        },
        {
            "cognome": "Esposito",
            "nome": "Giulia"
        },
        {
            "cognome": "Russo",
            "nome": "Matteo"
        },
        {
            "cognome": "Ferrari",
            "nome": "Sara"
        },
        {
            "cognome": "Colombo",
            "nome": "Andrea"
        },
        {
            "cognome": "Conti",
            "nome": "Elisa"
        },
        {
            "cognome": "Romano",
            "nome": "Francesco"
        },
        {
            "cognome": "Gallo",
            "nome": "Martina"
        },
        {
            "cognome": "Ricci",
            "nome": "Simone"
        },
        {
            "cognome": "Marino",
            "nome": "Federica"
        },
        {
            "cognome": "Greco",
            "nome": "Davide"
        },
        {
            "cognome": "Bruno",
            "nome": "Alice"
        },
        {
            "cognome": "Giordano",
            "nome": "Tommaso"
        },
        {
            "cognome": "Rizzo",
            "nome": "Chiara"
        },
        {
            "cognome": "Moretti",
            "nome": "Alessandro"
        },
        {
            "cognome": "Lombardi",
            "nome": "Irene"
        },
        {
            "cognome": "Barbieri",
            "nome": "Gabriele"
        },
        {
            "cognome": "Fontana",
            "nome": "Roberta"
        },
        {
            "cognome": "Santoro",
            "nome": "Lorenzo"
        },
        {
            "cognome": "Mariani",
            "nome": "Valentina"
        },
        {
            "cognome": "Caruso",
            "nome": "Daniele"
        },
        {
            "cognome": "Ferrara",
            "nome": "Francesca"
        },
        {
            "cognome": "Galli",
            "nome": "Michele"
        },
        {
            "cognome": "Martini",
            "nome": "Elena"
        },
        {
            "cognome": "De Luca",
            "nome": "Edoardo"
        },
        {
            "cognome": "Bianco",
            "nome": "Claudia"
        },
        {
            "cognome": "Benedetti",
            "nome": "Pietro"
        },
        {
            "cognome": "Parisi",
            "nome": "Beatrice"
        },
        {
            "cognome": "Villa",
            "nome": "Nicola"
        },
        {
            "cognome": "Sanna",
            "nome": "Gaia"
        },
        {
            "cognome": "Valentini",
            "nome": "Samuel"
        },
        {
            "cognome": "Pellegrini",
            "nome": "Angela"
        },
        {
            "cognome": "Leone",
            "nome": "Jacopo"
        },
        {
            "cognome": "Rinaldi",
            "nome": "Alessia"
        },
        {
            "cognome": "Amato",
            "nome": "Emanuele"
        },
        {
            "cognome": "Silvestri",
            "nome": "Greta"
        },
        {
            "cognome": "Donati",
            "nome": "Fabio"
        },
        {
            "cognome": "Monti",
            "nome": "Arianna"
        },
        {
            "cognome": "D’Angelo",
            "nome": "Enrico"
        },
        {
            "cognome": "Cattaneo",
            "nome": "Serena"
        },
        {
            "cognome": "Fabbri",
            "nome": "Giovanni"
        },
        {
            "cognome": "Marini",
            "nome": "Isabella"
        },
        {
            "cognome": "Grassi",
            "nome": "Filippo"
        },
        {
            "cognome": "Fiore",
            "nome": "Miriam"
        },
        {
            "cognome": "Neri",
            "nome": "Giulio"
        },
        {
            "cognome": "Corsi",
            "nome": "Veronica"
        },
        {
            "cognome": "Costantini",
            "nome": "Paolo"
        },
        {
            "cognome": "Ruggiero",
            "nome": "Silvia"
        },
        {
            "cognome": "Gentile",
            "nome": "Christian"
        },
        {
            "cognome": "Sala",
            "nome": "Anita"
        },
        {
            "cognome": "Testa",
            "nome": "Matteo"
        },
        {
            "cognome": "Alfieri",
            "nome": "Emma"
        },
        {
            "cognome": "Orlando",
            "nome": "Nicola"
        },
        {
            "cognome": "Basile",
            "nome": "Chiara"
        },
        {
            "cognome": "Pagano",
            "nome": "Leonardo"
        },
        {
            "cognome": "De Santis",
            "nome": "Noemi"
        },
        {
            "cognome": "Vitali",
            "nome": "Riccardo"
        },
        {
            "cognome": "Milani",
            "nome": "Cecilia"
        },
        {
            "cognome": "Longo",
            "nome": "Elia"
        },
        {
            "cognome": "Guerra",
            "nome": "Giorgia"
        },
        {
            "cognome": "Palmieri",
            "nome": "Diego"
        },
        {
            "cognome": "D’Amico",
            "nome": "Alessandra"
        },
        {
            "cognome": "Caputo",
            "nome": "Antonio"
        },
        {
            "cognome": "Serra",
            "nome": "Eleonora"
        },
        {
            "cognome": "Bellini",
            "nome": "Cristian"
        },
        {
            "cognome": "Leone",
            "nome": "Barbara"
        },
        {
            "cognome": "Farina",
            "nome": "Marco"
        },
        {
            "cognome": "Martino",
            "nome": "Laura"
        },
        {
            "cognome": "Grelli",
            "nome": "Stefano"
        },
        {
            "cognome": "De Angelis",
            "nome": "Chiara"
        },
        {
            "cognome": "Lorusso",
            "nome": "Ivan"
        },
        {
            "cognome": "Sorrentino",
            "nome": "Ludovica"
        },
        {
            "cognome": "Mancini",
            "nome": "Mattia"
        }
    ],
    "studenti_per_canale": {
        "1": [],
        "2": []
    },
    "laboratori": [
        {
            "nome": "Igiene mani",
            "minutaggio": 150,
            "min_studenti": 14,
            "max_studenti": 15,
            "tipo_gruppo": "standard",
            "fasce_orarie_disponibili": [
                "8:30-11:00",
                "11:10-13:30"
            ]
        },
        {
            "nome": "Gestione DPI",
            "minutaggio": 150,
            "min_studenti": 14,
            "max_studenti": 15,
            "tipo_gruppo": "standard",
            "fasce_orarie_disponibili": [
                "8:30-11:00",
                "11:10-13:30"
            ]
        },
        {
            "nome": "Ergonomia",
            "minutaggio": 150,
            "min_studenti": 14,
            "max_studenti": 15,
            "tipo_gruppo": "standard",
            "fasce_orarie_disponibili": [
                "8:30-11:00",
                "11:10-13:30"
            ]
        },
        {
            "nome": "Mobilizzazione",
            "minutaggio": 300,
            "min_studenti": 14,
            "max_studenti": 15,
            "tipo_gruppo": "standard",
            "fasce_orarie_disponibili": [
                "8:30-13:30"
            ]
        },
        {
            "nome": "Cura di sé",
            "minutaggio": 300,
            "min_studenti": 14,
            "max_studenti": 15,
            "tipo_gruppo": "standard",
            "fasce_orarie_disponibili": [
                "8:30-13:30"
            ]
        },
        {
            "nome": "Gestione ferita chirurgica",
            "minutaggio": 150,
            "min_studenti": 14,
            "max_studenti": 15,
            "tipo_gruppo": "standard",
            "fasce_orarie_disponibili": [
                "8:30-11:00",
                "11:10-13:30"
            ]
        },
        {
            "nome": "Gestione lesioni cutanee",
            "minutaggio": 150,
            "min_studenti": 14,
            "max_studenti": 15,
            "tipo_gruppo": "standard",
            "fasce_orarie_disponibili": [
                "8:30-11:00",
                "11:10-13:30"
            ]
        },
        {
            "nome": "Rilevazione PV",
            "minutaggio": 300,
            "min_studenti": 14,
            "max_studenti": 15,
            "tipo_gruppo": "standard",
            "fasce_orarie_disponibili": [
                "8:30-13:30"
            ]
        },
        {
            "nome": "Gestione dispositivi di eliminazione urinaria",
            "minutaggio": 300,
            "min_studenti": 14,
            "max_studenti": 15,
            "tipo_gruppo": "standard",
            "fasce_orarie_disponibili": [
                "8:30-13:30"
            ]
        },
        {
            "nome": "Venipuntura",
            "minutaggio": 150,
            "min_studenti": 14,
            "max_studenti": 15,
            "tipo_gruppo": "standard",
            "fasce_orarie_disponibili": [
                "8:30-11:00",
                "11:10-13:30"
            ]
        },
        {
            "nome": "Valutazione ABC",
            "minutaggio": 150,
            "min_studenti": 14,
            "max_studenti": 15,
            "tipo_gruppo": "standard",
            "fasce_orarie_disponibili": [
                "8:30-11:00",
                "11:10-13:30"
            ]
        },
        {
            "nome": "gestione terapia",
            "minutaggio": 150,
            "min_studenti": 8,
            "max_studenti": 10,
            "tipo_gruppo": "ridotto",
            "fasce_orarie_disponibili": [
                "8:30-11:00",
                "11:10-13:30"
            ],
            "date_disponibili": [
                "23/05/2025"
            ]
        },
        {
            "nome": "gestione mobilizzazione",
            "minutaggio": 150,
            "min_studenti": 8,
            "max_studenti": 10,
            "tipo_gruppo": "ridotto",
            "fasce_orarie_disponibili": [
                "8:30-11:00",
                "11:10-13:30"
            ],
            "date_disponibili": [
                "22/05/2025"
            ]
        },
        {
            "nome": "valutazione respiratoria",
            "minutaggio": 150,
            "min_studenti": 8,
            "max_studenti": 10,
            "tipo_gruppo": "ridotto",
            "fasce_orarie_disponibili": [
                "8:30-11:00",
                "11:10-13:30"
            ],
            "date_disponibili": [
                "21/05/2025"
            ]
        },
        {
            "nome": "valutazione cardiocircolatoria",
            "minutaggio": 150,
            "min_studenti": 8,
            "max_studenti": 10,
            "tipo_gruppo": "ridotto",
            "fasce_orarie_disponibili": [
                "8:30-11:00",
                "11:10-13:30"
            ],
            "date_disponibili": [
                "20/05/2025"
            ]
        },
        {
            "nome": "Ragionamento diagnostico",
            "minutaggio": 420,
            "min_studenti": 8,
            "max_studenti": 15,
            "tipo_gruppo": "standard",
            "fasce_orarie_disponibili": [
                "8:30-16:30"
            ]
        }
    ],
    "aule": [
        {
            "nome": "florence",
            "capacita": 15,
            "laboratori_consentiti": [
                "Igiene mani",
                "Gestione DPI",
                "Ergonomia",
                "Mobilizzazione",
                "Cura di sé",
                "Gestione ferita chirurgica",
                "Gestione lesioni cutanee",
                "Rilevazione PV",
                "Gestione dispositivi di eliminazione urinaria",
                "Venipuntura",
                "gestione terapia",
                "gestione mobilizzazione",
                "valutazione respiratoria",
                "valutazione cardiocircolatoria"
            ]
        },
        {
            "nome": "esercitazione 1",
            "capacita": 15,
            "laboratori_consentiti": [
                "Igiene mani",
                "Gestione DPI",
                "Ergonomia",
                "Mobilizzazione",
                "Cura di sé",
                "Gestione ferita chirurgica",
                "Gestione lesioni cutanee",
                "Rilevazione PV",
                "Gestione dispositivi di eliminazione urinaria",
                "Venipuntura",
                "gestione terapia",
                "gestione mobilizzazione",
                "valutazione respiratoria",
                "valutazione cardiocircolatoria"
            ]
        },
        {
            "nome": "esercitazione 2",
            "capacita": 15,
            "laboratori_consentiti": [
                "Igiene mani",
                "Gestione DPI",
                "Ergonomia",
                "Mobilizzazione",
                "Cura di sé",
                "Gestione ferita chirurgica",
                "Gestione lesioni cutanee",
                "Rilevazione PV",
                "Gestione dispositivi di eliminazione urinaria",
                "Venipuntura",
                "gestione terapia",
                "gestione mobilizzazione",
                "valutazione respiratoria",
                "valutazione cardiocircolatoria"
            ]
        },
        {
            "nome": "leininger 2",
            "capacita": 15,
            "laboratori_consentiti": [
                "Igiene mani",
                "Gestione DPI",
                "Ergonomia",
                "Mobilizzazione",
                "Cura di sé",
                "Gestione ferita chirurgica",
                "Gestione lesioni cutanee",
                "Rilevazione PV",
                "Gestione dispositivi di eliminazione urinaria",
                "Venipuntura"
            ]
        },
        {
            "nome": "leininger 3",
            "capacita": 15,
            "laboratori_consentiti": [
                "Igiene mani",
                "Gestione DPI",
                "Ergonomia",
                "Mobilizzazione",
                "Cura di sé",
                "Gestione ferita chirurgica",
                "Gestione lesioni cutanee",
                "Rilevazione PV",
                "Gestione dispositivi di eliminazione urinaria",
                "Venipuntura"
            ]
        },
        {
            "nome": "leininger 1",
            "capacita": 15,
            "laboratori_consentiti": [
                "Igiene mani",
                "Gestione DPI",
                "Ergonomia",
                "Mobilizzazione",
                "Cura di sé",
                "Gestione ferita chirurgica",
                "Gestione lesioni cutanee",
                "Rilevazione PV",
                "Gestione dispositivi di eliminazione urinaria",
                "Venipuntura",
                "Valutazione ABC",
                "gestione terapia",
                "gestione mobilizzazione",
                "valutazione respiratoria",
                "valutazione cardiocircolatoria",
                "Ragionamento diagnostico"
            ]
        },
        {
            "nome": "informatica 1",
            "capacita": 15,
            "laboratori_consentiti": [
                "Valutazione ABC",
                "Ragionamento diagnostico"
            ]
        },
        {
            "nome": "informatica 2",
            "capacita": 15,
            "laboratori_consentiti": [
                "Valutazione ABC",
                "Ragionamento diagnostico"
            ]
        }
    ],
    "date": {
        "inizio": "06/05/2025",
        "fine": "23/05/2025"
    },
    "gruppi_standard": {
        "Gruppo A": [
            {
                "cognome": "Rossi",
                "nome": "Marco"
            },
            {
                "cognome": "Bianchi",
                "nome": "Laura"
            },
            {
                "cognome": "Verdi",
                "nome": "Luca"
            },
            {
                "cognome": "Esposito",
                "nome": "Giulia"
            },
            {
                "cognome": "Russo",
                "nome": "Matteo"
            },
            {
                "cognome": "Ferrari",
                "nome": "Sara"
            },
            {
                "cognome": "Colombo",
                "nome": "Andrea"
            },
            {
                "cognome": "Conti",
                "nome": "Elisa"
            },
            {
                "cognome": "Romano",
                "nome": "Francesco"
            },
            {
                "cognome": "Gallo",
                "nome": "Martina"
            },
            {
                "cognome": "Ricci",
                "nome": "Simone"
            },
            {
                "cognome": "Marino",
                "nome": "Federica"
            },
            {
                "cognome": "Greco",
                "nome": "Davide"
            },
            {
                "cognome": "Bruno",
                "nome": "Alice"
            },
            {
                "cognome": "Giordano",
                "nome": "Tommaso"
            }
        ],
        "Gruppo B": [
            {
                "cognome": "Rizzo",
                "nome": "Chiara"
            },
            {
                "cognome": "Moretti",
                "nome": "Alessandro"
            },
            {
                "cognome": "Lombardi",
                "nome": "Irene"
            },
            {
                "cognome": "Barbieri",
                "nome": "Gabriele"
            },
            {
                "cognome": "Fontana",
                "nome": "Roberta"
            },
            {
                "cognome": "Santoro",
                "nome": "Lorenzo"
            },
            {
                "cognome": "Mariani",
                "nome": "Valentina"
            },
            {
                "cognome": "Caruso",
                "nome": "Daniele"
            },
            {
                "cognome": "Ferrara",
                "nome": "Francesca"
            },
            {
                "cognome": "Galli",
                "nome": "Michele"
            },
            {
                "cognome": "Martini",
                "nome": "Elena"
            },
            {
                "cognome": "De Luca",
                "nome": "Edoardo"
            },
            {
                "cognome": "Bianco",
                "nome": "Claudia"
            },
            {
                "cognome": "Benedetti",
                "nome": "Pietro"
            },
            {
                "cognome": "Parisi",
                "nome": "Beatrice"
            }
        ],
        "Gruppo C": [
            {
                "cognome": "Villa",
                "nome": "Nicola"
            },
            {
                "cognome": "Sanna",
                "nome": "Gaia"
            },
            {
                "cognome": "Valentini",
                "nome": "Samuel"
            },
            {
                "cognome": "Pellegrini",
                "nome": "Angela"
            },
            {
                "cognome": "Leone",
                "nome": "Jacopo"
            },
            {
                "cognome": "Rinaldi",
                "nome": "Alessia"
            },
            {
                "cognome": "Amato",
                "nome": "Emanuele"
            },
            {
                "cognome": "Silvestri",
                "nome": "Greta"
            },
            {
                "cognome": "Donati",
                "nome": "Fabio"
            },
            {
                "cognome": "Monti",
                "nome": "Arianna"
            },
            {
                "cognome": "D’Angelo",
                "nome": "Enrico"
            },
            {
                "cognome": "Cattaneo",
                "nome": "Serena"
            },
            {
                "cognome": "Fabbri",
                "nome": "Giovanni"
            },
            {
                "cognome": "Marini",
                "nome": "Isabella"
            },
            {
                "cognome": "Grassi",
                "nome": "Filippo"
            }
        ],
        "Gruppo D": [
            {
                "cognome": "Fiore",
                "nome": "Miriam"
            },
            {
                "cognome": "Neri",
                "nome": "Giulio"
            },
            {
                "cognome": "Corsi",
                "nome": "Veronica"
            },
            {
                "cognome": "Costantini",
                "nome": "Paolo"
            },
            {
                "cognome": "Ruggiero",
                "nome": "Silvia"
            },
            {
                "cognome": "Gentile",
                "nome": "Christian"
            },
            {
                "cognome": "Sala",
                "nome": "Anita"
            },
            {
                "cognome": "Testa",
                "nome": "Matteo"
            },
            {
                "cognome": "Alfieri",
                "nome": "Emma"
            },
            {
                "cognome": "Orlando",
                "nome": "Nicola"
            },
            {
                "cognome": "Basile",
                "nome": "Chiara"
            },
            {
                "cognome": "Pagano",
                "nome": "Leonardo"
            },
            {
                "cognome": "De Santis",
                "nome": "Noemi"
            },
            {
                "cognome": "Vitali",
                "nome": "Riccardo"
            },
            {
                "cognome": "Milani",
                "nome": "Cecilia"
            }
        ],
        "Gruppo E": [
            {
                "cognome": "Longo",
                "nome": "Elia"
            },
            {
                "cognome": "Guerra",
                "nome": "Giorgia"
            },
            {
                "cognome": "Palmieri",
                "nome": "Diego"
            },
            {
                "cognome": "D’Amico",
                "nome": "Alessandra"
            },
            {
                "cognome": "Caputo",
                "nome": "Antonio"
            },
            {
                "cognome": "Serra",
                "nome": "Eleonora"
            },
            {
                "cognome": "Bellini",
                "nome": "Cristian"
            },
            {
                "cognome": "Leone",
                "nome": "Barbara"
            },
            {
                "cognome": "Farina",
                "nome": "Marco"
            },
            {
                "cognome": "Martino",
                "nome": "Laura"
            },
            {
                "cognome": "Grelli",
                "nome": "Stefano"
            },
            {
                "cognome": "De Angelis",
                "nome": "Chiara"
            },
            {
                "cognome": "Lorusso",
                "nome": "Ivan"
            },
            {
                "cognome": "Sorrentino",
                "nome": "Ludovica"
            },
            {
                "cognome": "Mancini",
                "nome": "Mattia"
            }
        ]
    },
    "gruppi_ridotti": {
        "Gruppo 1": [
            {
                "cognome": "Rossi",
                "nome": "Marco"
            },
            {
                "cognome": "Bianchi",
                "nome": "Laura"
            },
            {
                "cognome": "Verdi",
                "nome": "Luca"
            },
            {
                "cognome": "Esposito",
                "nome": "Giulia"
            },
            {
                "cognome": "Russo",
                "nome": "Matteo"
            },
            {
                "cognome": "Ferrari",
                "nome": "Sara"
            },
            {
                "cognome": "Colombo",
                "nome": "Andrea"
            },
            {
                "cognome": "Conti",
                "nome": "Elisa"
            },
            {
                "cognome": "Romano",
                "nome": "Francesco"
            },
            {
                "cognome": "Gallo",
                "nome": "Martina"
            }
        ],
        "Gruppo 2": [
            {
                "cognome": "Ricci",
                "nome": "Simone"
            },
            {
                "cognome": "Marino",
                "nome": "Federica"
            },
            {
                "cognome": "Greco",
                "nome": "Davide"
            },
            {
                "cognome": "Bruno",
                "nome": "Alice"
            },
            {
                "cognome": "Giordano",
                "nome": "Tommaso"
            },
            {
                "cognome": "Rizzo",
                "nome": "Chiara"
            },
            {
                "cognome": "Moretti",
                "nome": "Alessandro"
            },
            {
                "cognome": "Lombardi",
                "nome": "Irene"
            },
            {
                "cognome": "Barbieri",
                "nome": "Gabriele"
            },
            {
                "cognome": "Fontana",
                "nome": "Roberta"
            }
        ],
        "Gruppo 3": [
            {
                "cognome": "Santoro",
                "nome": "Lorenzo"
            },
            {
                "cognome": "Mariani",
                "nome": "Valentina"
            },
            {
                "cognome": "Caruso",
                "nome": "Daniele"
            },
            {
                "cognome": "Ferrara",
                "nome": "Francesca"
            },
            {
                "cognome": "Galli",
                "nome": "Michele"
            },
            {
                "cognome": "Martini",
                "nome": "Elena"
            },
            {
                "cognome": "De Luca",
                "nome": "Edoardo"
            },
            {
                "cognome": "Bianco",
                "nome": "Claudia"
            },
            {
                "cognome": "Benedetti",
                "nome": "Pietro"
            },
            {
                "cognome": "Parisi",
                "nome": "Beatrice"
            }
        ],
        "Gruppo 4": [
            {
                "cognome": "Villa",
                "nome": "Nicola"
            },
            {
                "cognome": "Sanna",
                "nome": "Gaia"
            },
            {
                "cognome": "Valentini",
                "nome": "Samuel"
            },
            {
                "cognome": "Pellegrini",
                "nome": "Angela"
            },
            {
                "cognome": "Leone",
                "nome": "Jacopo"
            },
            {
                "cognome": "Rinaldi",
                "nome": "Alessia"
            },
            {
                "cognome": "Amato",
                "nome": "Emanuele"
            },
            {
                "cognome": "Silvestri",
                "nome": "Greta"
            },
            {
                "cognome": "Donati",
                "nome": "Fabio"
            }
        ],
        "Gruppo 5": [
            {
                "cognome": "Monti",
                "nome": "Arianna"
            },
            {
                "cognome": "D’Angelo",
                "nome": "Enrico"
            },
            {
                "cognome": "Cattaneo",
                "nome": "Serena"
            },
            {
                "cognome": "Fabbri",
                "nome": "Giovanni"
            },
            {
                "cognome": "Marini",
                "nome": "Isabella"
            },
            {
                "cognome": "Grassi",
                "nome": "Filippo"
            },
            {
                "cognome": "Fiore",
                "nome": "Miriam"
            },
            {
                "cognome": "Neri",
                "nome": "Giulio"
            },
            {
                "cognome": "Corsi",
                "nome": "Veronica"
            }
        ],
        "Gruppo 6": [
            {
                "cognome": "Costantini",
                "nome": "Paolo"
            },
            {
                "cognome": "Ruggiero",
                "nome": "Silvia"
            },
            {
                "cognome": "Gentile",
                "nome": "Christian"
            },
            {
                "cognome": "Sala",
                "nome": "Anita"
            },
            {
                "cognome": "Testa",
                "nome": "Matteo"
            },
            {
                "cognome": "Alfieri",
                "nome": "Emma"
            },
            {
                "cognome": "Orlando",
                "nome": "Nicola"
            },
            {
                "cognome": "Basile",
                "nome": "Chiara"
            },
            {
                "cognome": "Pagano",
                "nome": "Leonardo"
            }
        ],
        "Gruppo 7": [
            {
                "cognome": "De Santis",
                "nome": "Noemi"
            },
            {
                "cognome": "Vitali",
                "nome": "Riccardo"
            },
            {
                "cognome": "Milani",
                "nome": "Cecilia"
            },
            {
                "cognome": "Longo",
                "nome": "Elia"
            },
            {
                "cognome": "Guerra",
                "nome": "Giorgia"
            },
            {
                "cognome": "Palmieri",
                "nome": "Diego"
            },
            {
                "cognome": "D’Amico",
                "nome": "Alessandra"
            },
            {
                "cognome": "Caputo",
                "nome": "Antonio"
            },
            {
                "cognome": "Serra",
                "nome": "Eleonora"
            }
        ],
        "Gruppo 8": [
            {
                "cognome": "Bellini",
                "nome": "Cristian"
            },
            {
                "cognome": "Leone",
                "nome": "Barbara"
            },
            {
                "cognome": "Farina",
                "nome": "Marco"
            },
            {
                "cognome": "Martino",
                "nome": "Laura"
            },
            {
                "cognome": "Grelli",
                "nome": "Stefano"
            },
            {
                "cognome": "De Angelis",
                "nome": "Chiara"
            },
            {
                "cognome": "Lorusso",
                "nome": "Ivan"
            },
            {
                "cognome": "Sorrentino",
                "nome": "Ludovica"
            },
            {
                "cognome": "Mancini",
                "nome": "Mattia"
            }
        ]
    },
    "gruppi_standard_per_canale": {},
    "gruppi_ridotti_per_canale": {},
    "programmazione": [
        {
            "data": "06/05/2025",
            "laboratorio": "Ergonomia",
            "ora_inizio": "08:30",
            "ora_fine": "11:00",
            "aula": "florence",
            "gruppo": "Gruppo A",
            "tipo_gruppo": "standard"
        },
        {
            "data": "06/05/2025",
            "laboratorio": "Mobilizzazione",
            "ora_inizio": "11:10",
            "ora_fine": "17:00",
            "aula": "florence",
            "gruppo": "Gruppo A",
            "tipo_gruppo": "standard"
        },
        {
            "data": "06/05/2025",
            "laboratorio": "Ergonomia",
            "ora_inizio": "08:30",
            "ora_fine": "11:00",
            "aula": "esercitazione 1",
            "gruppo": "Gruppo B",
            "tipo_gruppo": "standard"
        },
        {
            "data": "06/05/2025",
            "laboratorio": "Mobilizzazione",
            "ora_inizio": "11:10",
            "ora_fine": "17:00",
            "aula": "esercitazione 1",
            "gruppo": "Gruppo B",
            "tipo_gruppo": "standard"
        },
        {
            "data": "06/05/2025",
            "laboratorio": "Ergonomia",
            "ora_inizio": "08:30",
            "ora_fine": "11:00",
            "aula": "esercitazione 2",
            "gruppo": "Gruppo C",
            "tipo_gruppo": "standard"
        },
        {
            "data": "06/05/2025",
            "laboratorio": "Mobilizzazione",
            "ora_inizio": "11:10",
            "ora_fine": "17:00",
            "aula": "esercitazione 2",
            "gruppo": "Gruppo C",
            "tipo_gruppo": "standard"
        },
        {
            "data": "06/05/2025",
            "laboratorio": "Ergonomia",
            "ora_inizio": "08:30",
            "ora_fine": "11:00",
            "aula": "leininger 2",
            "gruppo": "Gruppo D",
            "tipo_gruppo": "standard"
        },
        {
            "data": "06/05/2025",
            "laboratorio": "Mobilizzazione",
            "ora_inizio": "11:10",
            "ora_fine": "17:00",
            "aula": "leininger 2",
            "gruppo": "Gruppo D",
            "tipo_gruppo": "standard"
        },
        {
            "data": "06/05/2025",
            "laboratorio": "Ergonomia",
            "ora_inizio": "08:30",
            "ora_fine": "11:00",
            "aula": "leininger 3",
            "gruppo": "Gruppo E",
            "tipo_gruppo": "standard"
        },
        {
            "data": "06/05/2025",
            "laboratorio": "Mobilizzazione",
            "ora_inizio": "11:10",
            "ora_fine": "17:00",
            "aula": "leininger 3",
            "gruppo": "Gruppo E",
            "tipo_gruppo": "standard"
        },
        {
            "data": "07/05/2025",
            "laboratorio": "Ragionamento diagnostico",
            "ora_inizio": "08:30",
            "ora_fine": "17:00",
            "aula": "leininger 1",
            "gruppo": "Gruppo A",
            "tipo_gruppo": "standard"
        },
        {
            "data": "07/05/2025",
            "laboratorio": "Ragionamento diagnostico",
            "ora_inizio": "08:30",
            "ora_fine": "17:00",
            "aula": "informatica 1",
            "gruppo": "Gruppo B",
            "tipo_gruppo": "standard"
        },
        {
            "data": "07/05/2025",
            "laboratorio": "Ragionamento diagnostico",
            "ora_inizio": "08:30",
            "ora_fine": "17:00",
            "aula": "informatica 2",
            "gruppo": "Gruppo C",
            "tipo_gruppo": "standard"
        },
        {
            "data": "08/05/2025",
            "laboratorio": "Ragionamento diagnostico",
            "ora_inizio": "08:30",
            "ora_fine": "17:00",
            "aula": "leininger 1",
            "gruppo": "Gruppo D",
            "tipo_gruppo": "standard"
        },
        {
            "data": "08/05/2025",
            "laboratorio": "Ragionamento diagnostico",
            "ora_inizio": "08:30",
            "ora_fine": "17:00",
            "aula": "informatica 1",
            "gruppo": "Gruppo E",
            "tipo_gruppo": "standard"
        },
        {
            "data": "08/05/2025",
            "laboratorio": "Cura di sé",
            "ora_inizio": "08:30",
            "ora_fine": "13:30",
            "aula": "florence",
            "gruppo": "Gruppo A",
            "tipo_gruppo": "standard"
        },
        {
            "data": "08/05/2025",
            "laboratorio": "Cura di sé",
            "ora_inizio": "08:30",
            "ora_fine": "13:30",
            "aula": "esercitazione 1",
            "gruppo": "Gruppo B",
            "tipo_gruppo": "standard"
        },
        {
            "data": "08/05/2025",
            "laboratorio": "Cura di sé",
            "ora_inizio": "08:30",
            "ora_fine": "13:30",
            "aula": "esercitazione 2",
            "gruppo": "Gruppo C",
            "tipo_gruppo": "standard"
        },
        {
            "data": "07/05/2025",
            "laboratorio": "Cura di sé",
            "ora_inizio": "08:30",
            "ora_fine": "13:30",
            "aula": "florence",
            "gruppo": "Gruppo D",
            "tipo_gruppo": "standard"
        },
        {
            "data": "07/05/2025",
            "laboratorio": "Cura di sé",
            "ora_inizio": "08:30",
            "ora_fine": "13:30",
            "aula": "esercitazione 1",
            "gruppo": "Gruppo E",
            "tipo_gruppo": "standard"
        },
        {
            "data": "09/05/2025",
            "laboratorio": "Rilevazione PV",
            "ora_inizio": "08:30",
            "ora_fine": "13:30",
            "aula": "florence",
            "gruppo": "Gruppo A",
            "tipo_gruppo": "standard"
        },
        {
            "data": "09/05/2025",
            "laboratorio": "Rilevazione PV",
            "ora_inizio": "08:30",
            "ora_fine": "13:30",
            "aula": "esercitazione 1",
            "gruppo": "Gruppo B",
            "tipo_gruppo": "standard"
        },
        {
            "data": "09/05/2025",
            "laboratorio": "Rilevazione PV",
            "ora_inizio": "08:30",
            "ora_fine": "13:30",
            "aula": "esercitazione 2",
            "gruppo": "Gruppo C",
            "tipo_gruppo": "standard"
        },
        {
            "data": "09/05/2025",
            "laboratorio": "Rilevazione PV",
            "ora_inizio": "08:30",
            "ora_fine": "13:30",
            "aula": "leininger 2",
            "gruppo": "Gruppo D",
            "tipo_gruppo": "standard"
        },
        {
            "data": "09/05/2025",
            "laboratorio": "Rilevazione PV",
            "ora_inizio": "08:30",
            "ora_fine": "13:30",
            "aula": "leininger 3",
            "gruppo": "Gruppo E",
            "tipo_gruppo": "standard"
        },
        {
            "data": "12/05/2025",
            "laboratorio": "Gestione dispositivi di eliminazione urinaria",
            "ora_inizio": "08:30",
            "ora_fine": "13:30",
            "aula": "florence",
            "gruppo": "Gruppo A",
            "tipo_gruppo": "standard"
        },
        {
            "data": "12/05/2025",
            "laboratorio": "Gestione dispositivi di eliminazione urinaria",
            "ora_inizio": "08:30",
            "ora_fine": "13:30",
            "aula": "esercitazione 1",
            "gruppo": "Gruppo B",
            "tipo_gruppo": "standard"
        },
        {
            "data": "12/05/2025",
            "laboratorio": "Gestione dispositivi di eliminazione urinaria",
            "ora_inizio": "08:30",
            "ora_fine": "13:30",
            "aula": "esercitazione 2",
            "gruppo": "Gruppo C",
            "tipo_gruppo": "standard"
        },
        {
            "data": "12/05/2025",
            "laboratorio": "Gestione dispositivi di eliminazione urinaria",
            "ora_inizio": "08:30",
            "ora_fine": "13:30",
            "aula": "leininger 2",
            "gruppo": "Gruppo D",
            "tipo_gruppo": "standard"
        },
        {
            "data": "12/05/2025",
            "laboratorio": "Gestione dispositivi di eliminazione urinaria",
            "ora_inizio": "08:30",
            "ora_fine": "13:30",
            "aula": "leininger 3",
            "gruppo": "Gruppo E",
            "tipo_gruppo": "standard"
        },
        {
            "data": "13/05/2025",
            "laboratorio": "Igiene mani",
            "ora_inizio": "08:30",
            "ora_fine": "11:00",
            "aula": "florence",
            "gruppo": "Gruppo A",
            "tipo_gruppo": "standard"
        },
        {
            "data": "13/05/2025",
            "laboratorio": "Igiene mani",
            "ora_inizio": "08:30",
            "ora_fine": "11:00",
            "aula": "esercitazione 1",
            "gruppo": "Gruppo B",
            "tipo_gruppo": "standard"
        },
        {
            "data": "13/05/2025",
            "laboratorio": "Igiene mani",
            "ora_inizio": "08:30",
            "ora_fine": "11:00",
            "aula": "esercitazione 2",
            "gruppo": "Gruppo C",
            "tipo_gruppo": "standard"
        },
        {
            "data": "13/05/2025",
            "laboratorio": "Igiene mani",
            "ora_inizio": "08:30",
            "ora_fine": "11:00",
            "aula": "leininger 2",
            "gruppo": "Gruppo D",
            "tipo_gruppo": "standard"
        },
        {
            "data": "13/05/2025",
            "laboratorio": "Igiene mani",
            "ora_inizio": "08:30",
            "ora_fine": "11:00",
            "aula": "leininger 3",
            "gruppo": "Gruppo E",
            "tipo_gruppo": "standard"
        },
        {
            "data": "13/05/2025",
            "laboratorio": "Gestione DPI",
            "ora_inizio": "11:10",
            "ora_fine": "13:40",
            "aula": "florence",
            "gruppo": "Gruppo A",
            "tipo_gruppo": "standard"
        },
        {
            "data": "13/05/2025",
            "laboratorio": "Gestione DPI",
            "ora_inizio": "11:10",
            "ora_fine": "13:40",
            "aula": "esercitazione 1",
            "gruppo": "Gruppo B",
            "tipo_gruppo": "standard"
        },
        {
            "data": "13/05/2025",
            "laboratorio": "Gestione DPI",
            "ora_inizio": "11:10",
            "ora_fine": "13:40",
            "aula": "esercitazione 2",
            "gruppo": "Gruppo C",
            "tipo_gruppo": "standard"
        },
        {
            "data": "13/05/2025",
            "laboratorio": "Gestione DPI",
            "ora_inizio": "11:10",
            "ora_fine": "13:40",
            "aula": "leininger 2",
            "gruppo": "Gruppo D",
            "tipo_gruppo": "standard"
        },
        {
            "data": "13/05/2025",
            "laboratorio": "Gestione DPI",
            "ora_inizio": "11:10",
            "ora_fine": "13:40",
            "aula": "leininger 3",
            "gruppo": "Gruppo E",
            "tipo_gruppo": "standard"
        },
        {
            "data": "14/05/2025",
            "laboratorio": "Gestione ferita chirurgica",
            "ora_inizio": "08:30",
            "ora_fine": "11:00",
            "aula": "florence",
            "gruppo": "Gruppo A",
            "tipo_gruppo": "standard"
        },
        {
            "data": "14/05/2025",
            "laboratorio": "Gestione ferita chirurgica",
            "ora_inizio": "08:30",
            "ora_fine": "11:00",
            "aula": "esercitazione 1",
            "gruppo": "Gruppo B",
            "tipo_gruppo": "standard"
        },
        {
            "data": "14/05/2025",
            "laboratorio": "Gestione ferita chirurgica",
            "ora_inizio": "08:30",
            "ora_fine": "11:00",
            "aula": "esercitazione 2",
            "gruppo": "Gruppo C",
            "tipo_gruppo": "standard"
        },
        {
            "data": "14/05/2025",
            "laboratorio": "Gestione ferita chirurgica",
            "ora_inizio": "08:30",
            "ora_fine": "11:00",
            "aula": "leininger 2",
            "gruppo": "Gruppo D",
            "tipo_gruppo": "standard"
        },
        {
            "data": "14/05/2025",
            "laboratorio": "Gestione ferita chirurgica",
            "ora_inizio": "08:30",
            "ora_fine": "11:00",
            "aula": "leininger 3",
            "gruppo": "Gruppo E",
            "tipo_gruppo": "standard"
        },
        {
            "data": "14/05/2025",
            "laboratorio": "Gestione lesioni cutanee",
            "ora_inizio": "11:10",
            "ora_fine": "13:40",
            "aula": "florence",
            "gruppo": "Gruppo A",
            "tipo_gruppo": "standard"
        },
        {
            "data": "14/05/2025",
            "laboratorio": "Gestione lesioni cutanee",
            "ora_inizio": "11:10",
            "ora_fine": "13:40",
            "aula": "esercitazione 1",
            "gruppo": "Gruppo B",
            "tipo_gruppo": "standard"
        },
        {
            "data": "14/05/2025",
            "laboratorio": "Gestione lesioni cutanee",
            "ora_inizio": "11:10",
            "ora_fine": "13:40",
            "aula": "esercitazione 2",
            "gruppo": "Gruppo C",
            "tipo_gruppo": "standard"
        },
        {
            "data": "14/05/2025",
            "laboratorio": "Gestione lesioni cutanee",
            "ora_inizio": "11:10",
            "ora_fine": "13:40",
            "aula": "leininger 2",
            "gruppo": "Gruppo D",
            "tipo_gruppo": "standard"
        },
        {
            "data": "14/05/2025",
            "laboratorio": "Gestione lesioni cutanee",
            "ora_inizio": "11:10",
            "ora_fine": "13:40",
            "aula": "leininger 3",
            "gruppo": "Gruppo E",
            "tipo_gruppo": "standard"
        },
        {
            "data": "15/05/2025",
            "laboratorio": "Venipuntura",
            "ora_inizio": "08:30",
            "ora_fine": "11:00",
            "aula": "florence",
            "gruppo": "Gruppo A",
            "tipo_gruppo": "standard"
        },
        {
            "data": "15/05/2025",
            "laboratorio": "Venipuntura",
            "ora_inizio": "08:30",
            "ora_fine": "11:00",
            "aula": "esercitazione 1",
            "gruppo": "Gruppo B",
            "tipo_gruppo": "standard"
        },
        {
            "data": "15/05/2025",
            "laboratorio": "Venipuntura",
            "ora_inizio": "08:30",
            "ora_fine": "11:00",
            "aula": "esercitazione 2",
            "gruppo": "Gruppo C",
            "tipo_gruppo": "standard"
        },
        {
            "data": "15/05/2025",
            "laboratorio": "Venipuntura",
            "ora_inizio": "08:30",
            "ora_fine": "11:00",
            "aula": "leininger 2",
            "gruppo": "Gruppo D",
            "tipo_gruppo": "standard"
        },
        {
            "data": "15/05/2025",
            "laboratorio": "Venipuntura",
            "ora_inizio": "08:30",
            "ora_fine": "11:00",
            "aula": "leininger 3",
            "gruppo": "Gruppo E",
            "tipo_gruppo": "standard"
        },
        {
            "data": "15/05/2025",
            "laboratorio": "Valutazione ABC",
            "ora_inizio": "11:10",
            "ora_fine": "13:40",
            "aula": "leininger 1",
            "gruppo": "Gruppo A",
            "tipo_gruppo": "standard"
        },
        {
            "data": "15/05/2025",
            "laboratorio": "Valutazione ABC",
            "ora_inizio": "11:10",
            "ora_fine": "13:40",
            "aula": "informatica 1",
            "gruppo": "Gruppo B",
            "tipo_gruppo": "standard"
        },
        {
            "data": "15/05/2025",
            "laboratorio": "Valutazione ABC",
            "ora_inizio": "11:10",
            "ora_fine": "13:40",
            "aula": "informatica 2",
            "gruppo": "Gruppo C",
            "tipo_gruppo": "standard"
        },
        {
            "data": "16/05/2025",
            "laboratorio": "Valutazione ABC",
            "ora_inizio": "08:30",
            "ora_fine": "11:00",
            "aula": "leininger 1",
            "gruppo": "Gruppo D",
            "tipo_gruppo": "standard"
        },
        {
            "data": "16/05/2025",
            "laboratorio": "Valutazione ABC",
            "ora_inizio": "08:30",
            "ora_fine": "11:00",
            "aula": "informatica 1",
            "gruppo": "Gruppo E",
            "tipo_gruppo": "standard"
        },
        {
            "data": "23/05/2025",
            "laboratorio": "gestione terapia",
            "ora_inizio": "08:30",
            "ora_fine": "11:00",
            "aula": "florence",
            "gruppo": "Gruppo 1",
            "tipo_gruppo": "ridotto"
        },
        {
            "data": "23/05/2025",
            "laboratorio": "gestione terapia",
            "ora_inizio": "08:30",
            "ora_fine": "11:00",
            "aula": "esercitazione 1",
            "gruppo": "Gruppo 2",
            "tipo_gruppo": "ridotto"
        },
        {
            "data": "23/05/2025",
            "laboratorio": "gestione terapia",
            "ora_inizio": "08:30",
            "ora_fine": "11:00",
            "aula": "esercitazione 2",
            "gruppo": "Gruppo 3",
            "tipo_gruppo": "ridotto"
        },
        {
            "data": "23/05/2025",
            "laboratorio": "gestione terapia",
            "ora_inizio": "08:30",
            "ora_fine": "11:00",
            "aula": "leininger 1",
            "gruppo": "Gruppo 4",
            "tipo_gruppo": "ridotto"
        },
        {
            "data": "23/05/2025",
            "laboratorio": "gestione terapia",
            "ora_inizio": "11:10",
            "ora_fine": "13:40",
            "aula": "florence",
            "gruppo": "Gruppo 5",
            "tipo_gruppo": "ridotto"
        },
        {
            "data": "23/05/2025",
            "laboratorio": "gestione terapia",
            "ora_inizio": "11:10",
            "ora_fine": "13:40",
            "aula": "esercitazione 1",
            "gruppo": "Gruppo 6",
            "tipo_gruppo": "ridotto"
        },
        {
            "data": "23/05/2025",
            "laboratorio": "gestione terapia",
            "ora_inizio": "11:10",
            "ora_fine": "13:40",
            "aula": "esercitazione 2",
            "gruppo": "Gruppo 7",
            "tipo_gruppo": "ridotto"
        },
        {
            "data": "23/05/2025",
            "laboratorio": "gestione terapia",
            "ora_inizio": "11:10",
            "ora_fine": "13:40",
            "aula": "leininger 1",
            "gruppo": "Gruppo 8",
            "tipo_gruppo": "ridotto"
        },
        {
            "data": "22/05/2025",
            "laboratorio": "gestione mobilizzazione",
            "ora_inizio": "08:30",
            "ora_fine": "11:00",
            "aula": "florence",
            "gruppo": "Gruppo 1",
            "tipo_gruppo": "ridotto"
        },
        {
            "data": "22/05/2025",
            "laboratorio": "gestione mobilizzazione",
            "ora_inizio": "08:30",
            "ora_fine": "11:00",
            "aula": "esercitazione 1",
            "gruppo": "Gruppo 2",
            "tipo_gruppo": "ridotto"
        },
        {
            "data": "22/05/2025",
            "laboratorio": "gestione mobilizzazione",
            "ora_inizio": "08:30",
            "ora_fine": "11:00",
            "aula": "esercitazione 2",
            "gruppo": "Gruppo 3",
            "tipo_gruppo": "ridotto"
        },
        {
            "data": "22/05/2025",
            "laboratorio": "gestione mobilizzazione",
            "ora_inizio": "08:30",
            "ora_fine": "11:00",
            "aula": "leininger 1",
            "gruppo": "Gruppo 4",
            "tipo_gruppo": "ridotto"
        },
        {
            "data": "22/05/2025",
            "laboratorio": "gestione mobilizzazione",
            "ora_inizio": "11:10",
            "ora_fine": "13:40",
            "aula": "florence",
            "gruppo": "Gruppo 5",
            "tipo_gruppo": "ridotto"
        },
        {
            "data": "22/05/2025",
            "laboratorio": "gestione mobilizzazione",
            "ora_inizio": "11:10",
            "ora_fine": "13:40",
            "aula": "esercitazione 1",
            "gruppo": "Gruppo 6",
            "tipo_gruppo": "ridotto"
        },
        {
            "data": "22/05/2025",
            "laboratorio": "gestione mobilizzazione",
            "ora_inizio": "11:10",
            "ora_fine": "13:40",
            "aula": "esercitazione 2",
            "gruppo": "Gruppo 7",
            "tipo_gruppo": "ridotto"
        },
        {
            "data": "22/05/2025",
            "laboratorio": "gestione mobilizzazione",
            "ora_inizio": "11:10",
            "ora_fine": "13:40",
            "aula": "leininger 1",
            "gruppo": "Gruppo 8",
            "tipo_gruppo": "ridotto"
        },
        {
            "data": "21/05/2025",
            "laboratorio": "valutazione respiratoria",
            "ora_inizio": "08:30",
            "ora_fine": "11:00",
            "aula": "florence",
            "gruppo": "Gruppo 1",
            "tipo_gruppo": "ridotto"
        },
        {
            "data": "21/05/2025",
            "laboratorio": "valutazione respiratoria",
            "ora_inizio": "08:30",
            "ora_fine": "11:00",
            "aula": "esercitazione 1",
            "gruppo": "Gruppo 2",
            "tipo_gruppo": "ridotto"
        },
        {
            "data": "21/05/2025",
            "laboratorio": "valutazione respiratoria",
            "ora_inizio": "08:30",
            "ora_fine": "11:00",
            "aula": "esercitazione 2",
            "gruppo": "Gruppo 3",
            "tipo_gruppo": "ridotto"
        },
        {
            "data": "21/05/2025",
            "laboratorio": "valutazione respiratoria",
            "ora_inizio": "08:30",
            "ora_fine": "11:00",
            "aula": "leininger 1",
            "gruppo": "Gruppo 4",
            "tipo_gruppo": "ridotto"
        },
        {
            "data": "21/05/2025",
            "laboratorio": "valutazione respiratoria",
            "ora_inizio": "11:10",
            "ora_fine": "13:40",
            "aula": "florence",
            "gruppo": "Gruppo 5",
            "tipo_gruppo": "ridotto"
        },
        {
            "data": "21/05/2025",
            "laboratorio": "valutazione respiratoria",
            "ora_inizio": "11:10",
            "ora_fine": "13:40",
            "aula": "esercitazione 1",
            "gruppo": "Gruppo 6",
            "tipo_gruppo": "ridotto"
        },
        {
            "data": "21/05/2025",
            "laboratorio": "valutazione respiratoria",
            "ora_inizio": "11:10",
            "ora_fine": "13:40",
            "aula": "esercitazione 2",
            "gruppo": "Gruppo 7",
            "tipo_gruppo": "ridotto"
        },
        {
            "data": "21/05/2025",
            "laboratorio": "valutazione respiratoria",
            "ora_inizio": "11:10",
            "ora_fine": "13:40",
            "aula": "leininger 1",
            "gruppo": "Gruppo 8",
            "tipo_gruppo": "ridotto"
        },
        {
            "data": "20/05/2025",
            "laboratorio": "valutazione cardiocircolatoria",
            "ora_inizio": "08:30",
            "ora_fine": "11:00",
            "aula": "florence",
            "gruppo": "Gruppo 1",
            "tipo_gruppo": "ridotto"
        },
        {
            "data": "20/05/2025",
            "laboratorio": "valutazione cardiocircolatoria",
            "ora_inizio": "08:30",
            "ora_fine": "11:00",
            "aula": "esercitazione 1",
            "gruppo": "Gruppo 2",
            "tipo_gruppo": "ridotto"
        },
        {
            "data": "20/05/2025",
            "laboratorio": "valutazione cardiocircolatoria",
            "ora_inizio": "08:30",
            "ora_fine": "11:00",
            "aula": "esercitazione 2",
            "gruppo": "Gruppo 3",
            "tipo_gruppo": "ridotto"
        },
        {
            "data": "20/05/2025",
            "laboratorio": "valutazione cardiocircolatoria",
            "ora_inizio": "08:30",
            "ora_fine": "11:00",
            "aula": "leininger 1",
            "gruppo": "Gruppo 4",
            "tipo_gruppo": "ridotto"
        },
        {
            "data": "20/05/2025",
            "laboratorio": "valutazione cardiocircolatoria",
            "ora_inizio": "11:10",
            "ora_fine": "13:40",
            "aula": "florence",
            "gruppo": "Gruppo 5",
            "tipo_gruppo": "ridotto"
        },
        {
            "data": "20/05/2025",
            "laboratorio": "valutazione cardiocircolatoria",
            "ora_inizio": "11:10",
            "ora_fine": "13:40",
            "aula": "esercitazione 1",
            "gruppo": "Gruppo 6",
            "tipo_gruppo": "ridotto"
        },
        {
            "data": "20/05/2025",
            "laboratorio": "valutazione cardiocircolatoria",
            "ora_inizio": "11:10",
            "ora_fine": "13:40",
            "aula": "esercitazione 2",
            "gruppo": "Gruppo 7",
            "tipo_gruppo": "ridotto"
        },
        {
            "data": "20/05/2025",
            "laboratorio": "valutazione cardiocircolatoria",
            "ora_inizio": "11:10",
            "ora_fine": "13:40",
            "aula": "leininger 1",
            "gruppo": "Gruppo 8",
            "tipo_gruppo": "ridotto"
        }
    ],
    "programmazione_per_canale": {
        "1": []
    },
    "sede_cdl": "ASL Città di Torino",
    "num_canali": 1,
    "anno_corso": "1",
    "anno_accademico": "2025/2026"
}